order_id,profit,Profit_Tier
ID-2014-23075,-2.30400,Loss
MX-2014-113236,51.72000,"High Profit"
ES-2014-3909772,8.91000,"Low Profit"
IT-2011-2536577,0.00000,"Low Profit"
ES-2014-2949307,1.04700,"Low Profit"
IN-2014-14458,18.45000,"Low Profit"
IN-2014-46777,3.33000,"Low Profit"
TU-2014-6410,-6.77400,Loss
IN-2013-50536,-6.61500,Loss
US-2013-115756,-19.13600,Loss
IZ-2013-3780,18.84000,"Low Profit"
SU-2013-4080,12.24000,"Low Profit"
IN-2011-31496,25.38000,"Low Profit"
IT-2013-1399443,-3.07500,Loss
CA-2014-112725,-13.58820,Loss
NI-2012-7400,-23.38500,Loss
IN-2014-13296,17.64000,"Low Profit"
CA-2011-126907,5.10120,"Low Profit"
LY-2014-4680,14.16000,"Low Profit"
IN-2014-32014,4.92000,"Low Profit"
MG-2011-9660,211.50000,"High Profit"
ES-2014-2538935,43.92000,"Low Profit"
IN-2012-23089,0.24000,"Low Profit"
CA-2011-157147,238.65300,"High Profit"
IN-2014-27303,27.18000,"Low Profit"
NI-2013-6670,-4.77000,Loss
ES-2014-5167464,2.04000,"Low Profit"
IN-2011-81833,102.84000,"High Profit"
CA-2014-3540,75.90000,"High Profit"
IT-2013-2494403,15.54000,"Low Profit"
IN-2012-40029,27.36000,"Low Profit"
US-2013-116771,-27.38400,Loss
IN-2013-52734,10.08000,"Low Profit"
NI-2014-8880,-31.25400,Loss
NI-2011-4760,-89.74200,Loss
CA-2011-117345,5.92110,"Low Profit"
IT-2014-3798415,-128.94000,Loss
IR-2011-3890,102.45000,"High Profit"
IT-2013-4258921,-113.85000,Loss
MX-2011-165526,27.20000,"Low Profit"
ES-2014-5706764,2.16000,"Low Profit"
CA-2014-161102,15.27120,"Low Profit"
PL-2013-2260,21.03000,"Low Profit"
ES-2011-3104322,1.35000,"Low Profit"
US-2011-157021,5.55360,"Low Profit"
CA-2014-161893,-3.62120,Loss
ID-2011-86950,-33.87600,Loss
BU-2012-7980,114.30000,"High Profit"
IT-2012-5303768,-362.78400,Loss
IN-2013-40218,5.52000,"Low Profit"
ID-2014-23201,-14.55600,Loss
CA-2011-113880,-172.11720,Loss
MX-2013-151022,20.37688,"Low Profit"
IT-2013-5130549,-53.44200,Loss
ES-2014-2172414,-22.68600,Loss
CA-2012-137946,4.49000,"Low Profit"
ES-2013-2898079,10.26000,"Low Profit"
CA-2014-139304,2.22820,"Low Profit"
ID-2013-75869,58.33800,"High Profit"
TU-2011-5460,-5.72400,Loss
IN-2014-51635,37.63920,"Low Profit"
MX-2011-115140,8.44000,"Low Profit"
CA-2013-124100,54.66600,"High Profit"
MX-2014-161354,116.80000,"High Profit"
US-2011-154767,-34.04800,Loss
MX-2014-156566,-257.14332,Loss
IN-2012-43165,9.00000,"Low Profit"
ID-2013-53833,246.45600,"High Profit"
IV-2014-6290,107.76000,"High Profit"
MO-2013-860,215.76000,"High Profit"
ES-2014-2067525,61.02000,"High Profit"
IN-2013-73412,47.70000,"Low Profit"
ES-2013-5080538,4.32000,"Low Profit"
ES-2013-4405513,55.44000,"High Profit"
IN-2012-51173,486.05400,"High Profit"
ES-2013-5306452,63.84000,"High Profit"
BN-2011-1530,16.23000,"Low Profit"
ID-2014-82463,-42.69600,Loss
MX-2014-167899,131.98000,"High Profit"
ES-2013-2386093,30.87000,"Low Profit"
TU-2012-4890,-30.31200,Loss
ES-2013-3509742,28.98000,"Low Profit"
CA-2012-153388,3.36000,"Low Profit"
ES-2014-5318878,34.33200,"Low Profit"
ES-2014-2280822,18.54000,"Low Profit"
ID-2011-56969,656.64000,"High Profit"
ZA-2014-6660,31.80000,"Low Profit"
US-2013-140494,-3.92400,Loss
CA-2012-138625,55.36160,"High Profit"
IZ-2013-230,46.80000,"Low Profit"
IN-2013-42311,14.28000,"Low Profit"
ES-2013-5114494,360.48000,"High Profit"
ES-2011-3525697,-0.97200,Loss
ES-2013-1436499,-44.42400,Loss
KE-2014-4540,6.00000,"Low Profit"
IT-2011-3203475,-0.14400,Loss
CA-2014-138618,3.62880,"Low Profit"
CA-2014-122539,5.17920,"Low Profit"
US-2013-168074,-59.29600,Loss
ES-2014-2933395,81.18000,"High Profit"
CA-2012-104514,2.65680,"Low Profit"
ES-2012-1663353,23.13000,"Low Profit"
ES-2011-1664904,105.75000,"High Profit"
MX-2014-169418,4.40000,"Low Profit"
US-2014-150315,-3.51600,Loss
IN-2013-82554,485.28000,"High Profit"
IN-2011-52748,0.83160,"Low Profit"
ES-2013-2481532,24.00000,"Low Profit"
UZ-2012-9360,23.28000,"Low Profit"
NI-2013-3260,-3.25200,Loss
NI-2013-3260,-140.64000,Loss
RS-2014-7500,32.46000,"Low Profit"
IN-2011-18959,0.00000,"Low Profit"
CA-2012-129770,23.08640,"Low Profit"
IN-2013-52944,43.38000,"Low Profit"
TZ-2013-620,0.00000,"Low Profit"
TU-2013-510,-83.02200,Loss
ID-2013-22459,-10.29000,Loss
IN-2013-79929,36.77100,"Low Profit"
CA-2012-132374,20.63360,"Low Profit"
CA-2012-157322,6.00250,"Low Profit"
US-2012-169222,-12.81600,Loss
MX-2012-140767,352.90000,"High Profit"
CA-2013-164784,-142.07100,Loss
MX-2011-144883,13.16000,"Low Profit"
TZ-2013-140,13.56000,"Low Profit"
IN-2013-21038,18.63000,"Low Profit"
ES-2014-2280822,56.88000,"High Profit"
US-2012-141250,-154.51200,Loss
MX-2013-128160,39.42000,"Low Profit"
CA-2013-168956,1.83120,"Low Profit"
ID-2014-33638,-114.49200,Loss
TU-2011-9940,-161.11200,Loss
CA-2012-157322,48.99420,"Low Profit"
TU-2013-3100,-4.41600,Loss
CA-2014-124940,-2.99400,Loss
EZ-2014-8460,149.04000,"High Profit"
US-2014-129126,4.04000,"Low Profit"
IN-2014-83919,38.88000,"Low Profit"
TU-2013-510,-19.18800,Loss
NI-2014-8530,-17.13600,Loss
CA-2014-151176,6.50520,"Low Profit"
IN-2014-37117,36.82800,"Low Profit"
CA-2011-157721,4.94970,"Low Profit"
ID-2013-61736,-74.77950,Loss
CA-2014-145233,30.47760,"Low Profit"
IN-2013-28759,17.28000,"Low Profit"
SF-2011-6380,779.52000,"High Profit"
ES-2013-1650308,223.23600,"High Profit"
AG-2014-6650,14.64000,"Low Profit"
CA-2014-121559,793.71600,"High Profit"
SA-2011-7130,4.86000,"Low Profit"
IS-2014-420,45.42000,"Low Profit"
US-2013-102379,-10.20000,Loss
IN-2011-43599,7.56000,"Low Profit"
IN-2012-64494,65.88000,"High Profit"
ES-2013-3894596,219.51000,"High Profit"
ES-2012-2332844,-27.48000,Loss
MX-2014-106432,49.42824,"Low Profit"
ES-2012-2694947,711.48000,"High Profit"
ES-2014-2057259,34.56000,"Low Profit"
NI-2011-7830,-368.40600,Loss
IN-2014-26470,4.71000,"Low Profit"
ID-2014-24363,-67.35420,Loss
CG-2011-6250,9.48000,"Low Profit"
ID-2013-86243,-15.69600,Loss
TZ-2014-9930,10.98000,"Low Profit"
ID-2013-72936,-10.11180,Loss
EG-2014-1540,13.68000,"Low Profit"
SF-2014-3260,728.70000,"High Profit"
CA-2014-140949,9.00000,"Low Profit"
US-2011-104759,13.99720,"Low Profit"
IT-2012-5960351,8.91000,"Low Profit"
ID-2013-86299,-84.66000,Loss
SF-2014-840,6.42000,"Low Profit"
IN-2014-65194,6.24000,"Low Profit"
IN-2013-65075,55.89000,"High Profit"
MX-2011-131996,22.40000,"Low Profit"
IN-2014-19120,85.77000,"High Profit"
IN-2014-75855,43.20000,"Low Profit"
IN-2011-59510,6.39000,"Low Profit"
CA-2014-127782,2.87820,"Low Profit"
CA-2014-137414,5.93640,"Low Profit"
IN-2013-26519,128.73600,"High Profit"
IN-2013-86061,0.69000,"Low Profit"
SF-2012-3840,30.81000,"Low Profit"
ES-2012-3898439,4.62600,"Low Profit"
ZI-2013-9260,-5.32500,Loss
IT-2014-1075109,-9.48000,Loss
EG-2014-460,17.70000,"Low Profit"
NI-2014-7110,-2.54400,Loss
EG-2012-4640,5.01000,"Low Profit"
ES-2014-5842530,127.13400,"High Profit"
ES-2014-4794612,22.26000,"Low Profit"
MX-2013-109771,-3.07200,Loss
CA-2013-127138,40.27400,"Low Profit"
ES-2011-5610862,3.00000,"Low Profit"
IS-2011-7290,47.28000,"Low Profit"
US-2013-125675,-1.95200,Loss
ES-2014-5474746,11.10000,"Low Profit"
SO-2012-2390,18.93000,"Low Profit"
UP-2012-110,12.00000,"Low Profit"
ES-2011-1406120,742.35000,"High Profit"
MX-2014-136539,0.00000,"Low Profit"
CA-2014-161172,43.99560,"Low Profit"
MX-2013-146318,10.96000,"Low Profit"
CA-2013-1880,14.10000,"Low Profit"
ES-2011-5083176,0.48000,"Low Profit"
MX-2012-147823,680.60136,"High Profit"
US-2014-123281,6.52860,"Low Profit"
US-2014-123484,-14.28000,Loss
US-2011-120236,-11.52000,Loss
ID-2013-24643,36.77220,"Low Profit"
CA-2014-101308,-20.13620,Loss
IN-2013-51712,15.66000,"Low Profit"
IN-2011-49129,29.82000,"Low Profit"
IR-2011-6250,87.84000,"High Profit"
CA-2011-149958,-31.67120,Loss
RO-2011-6490,97.80000,"High Profit"
ID-2013-55961,-22.55340,Loss
ES-2012-3239309,110.88000,"High Profit"
IR-2013-8790,4.02000,"Low Profit"
CA-2011-128237,15.91800,"Low Profit"
ES-2012-4007496,13.08000,"Low Profit"
MO-2013-2020,38.52000,"Low Profit"
ZI-2013-9260,-133.20000,Loss
ES-2011-2132896,28.62000,"Low Profit"
MX-2014-135055,1.38000,"Low Profit"
RO-2012-9720,2.61000,"Low Profit"
ES-2013-5616549,2.40000,"Low Profit"
CA-2012-110632,9.13140,"Low Profit"
MX-2013-117506,113.64000,"High Profit"
IZ-2014-7340,18.72000,"Low Profit"
IR-2011-7690,7.77000,"Low Profit"
IN-2014-44110,2.28150,"Low Profit"
YM-2012-9880,-320.32800,Loss
CA-2013-102813,0.00000,"Low Profit"
RS-2014-5110,4.08000,"Low Profit"
IS-2012-3230,5.04000,"Low Profit"
RO-2014-2550,16.05000,"Low Profit"
CA-2013-128258,5.55660,"Low Profit"
MX-2014-143462,19.92800,"Low Profit"
IN-2014-21171,123.36000,"High Profit"
US-2013-152842,-6.85200,Loss
MX-2012-113614,65.93440,"High Profit"
MO-2012-6660,323.40000,"High Profit"
RW-2014-680,40.32000,"Low Profit"
RS-2014-4120,976.80000,"High Profit"
CA-2012-132101,39.68790,"Low Profit"
US-2011-148838,-447.59470,Loss
TZ-2011-4790,2.85000,"Low Profit"
EG-2014-1540,1.80000,"Low Profit"
MX-2013-143455,13.38000,"Low Profit"
ES-2014-5640080,37.26000,"Low Profit"
CA-2014-111738,682.51680,"High Profit"
US-2013-113866,6.04000,"Low Profit"
RS-2011-2560,31.41000,"Low Profit"
IN-2014-86558,4.44000,"Low Profit"
US-2013-115819,1.97100,"Low Profit"
SU-2013-8780,2.70000,"Low Profit"
IR-2012-1390,68.70000,"High Profit"
TU-2011-3910,-392.04000,Loss
TU-2013-2580,-108.79200,Loss
CG-2014-5060,0.57000,"Low Profit"
ES-2014-5334183,7.65000,"Low Profit"
US-2012-163433,24.47680,"Low Profit"
MX-2011-165106,32.58000,"Low Profit"
CA-2012-137974,148.10640,"High Profit"
CA-2012-112557,90.82920,"High Profit"
CA-2013-163594,9.33120,"Low Profit"
MX-2014-127537,73.08000,"High Profit"
ES-2014-2968300,11.40000,"Low Profit"
IN-2011-57704,54.09000,"High Profit"
IN-2013-38475,125.27100,"High Profit"
IS-2011-1180,0.84000,"Low Profit"
US-2013-151225,-38.08000,Loss
US-2012-112004,-0.02400,Loss
ES-2013-5506373,413.88000,"High Profit"
CA-2012-100216,10.88640,"Low Profit"
LT-2011-270,55.17000,"High Profit"
ES-2013-1245292,1.17000,"Low Profit"
CA-2014-123071,3.62880,"Low Profit"
IT-2014-2866257,35.64000,"Low Profit"
MX-2013-133256,86.30000,"High Profit"
US-2014-132731,-2.63200,Loss
ES-2012-1517831,76.41000,"High Profit"
US-2014-110611,-7.44000,Loss
CA-2014-121503,49.76100,"Low Profit"
ES-2011-5178055,6.98400,"Low Profit"
CA-2011-100678,1.00800,"Low Profit"
ID-2012-25315,48.20580,"Low Profit"
ES-2014-5467236,0.90000,"Low Profit"
MX-2013-164938,5.52000,"Low Profit"
NI-2014-9770,-8.50500,Loss
ID-2012-82393,-306.21600,Loss
MX-2013-128027,-5.26400,Loss
ES-2013-2734435,81.46800,"High Profit"
NI-2011-8350,-10.69800,Loss
IT-2013-5472233,-165.90000,Loss
MX-2013-169320,187.26000,"High Profit"
ES-2012-1986848,68.41800,"High Profit"
TU-2011-6490,-25.98000,Loss
IN-2011-76842,202.28400,"High Profit"
MO-2011-6140,4.80000,"Low Profit"
MX-2014-147725,3.48000,"Low Profit"
IN-2014-44334,11.61000,"Low Profit"
PL-2012-5180,2.10000,"Low Profit"
ES-2011-3072555,32.55000,"Low Profit"
PL-2013-7230,1.38000,"Low Profit"
ES-2011-5158527,10.80000,"Low Profit"
TU-2014-810,-5.60400,Loss
IN-2013-22438,19.98000,"Low Profit"
CA-2014-8860,14.76000,"Low Profit"
IN-2012-40225,214.85700,"High Profit"
IN-2011-50613,20.37000,"Low Profit"
IN-2011-74490,20.16000,"Low Profit"
ES-2013-3285041,397.62000,"High Profit"
IR-2014-5870,4.26000,"Low Profit"
IN-2011-38111,0.32400,"Low Profit"
CA-2013-146423,24.88320,"Low Profit"
IT-2012-5084286,-60.76800,Loss
ES-2014-5747773,1.08000,"Low Profit"
US-2014-132031,1.05000,"Low Profit"
IN-2012-44474,-2.34000,Loss
MX-2011-134705,35.36000,"Low Profit"
CA-2013-167682,124.78080,"High Profit"
IN-2012-31741,47.52000,"Low Profit"
SF-2013-9440,4.89000,"Low Profit"
US-2014-153255,14.09800,"Low Profit"
US-2014-127600,-41.06400,Loss
IT-2014-5563463,-7.74000,Loss
ES-2013-3963045,25.11000,"Low Profit"
MX-2014-154739,106.72000,"High Profit"
IN-2014-33666,13.20000,"Low Profit"
US-2014-165267,-124.66400,Loss
TZ-2014-7370,226.80000,"High Profit"
CA-2013-123050,7.43760,"Low Profit"
IZ-2011-2730,14.49000,"Low Profit"
IN-2013-76828,18.81000,"Low Profit"
KE-2011-6610,21.15000,"Low Profit"
EG-2013-1510,36.81000,"Low Profit"
IT-2011-3076849,5.22000,"Low Profit"
IN-2012-33288,4.38000,"Low Profit"
MX-2014-134768,-17.65820,Loss
CA-2014-117401,2.29900,"Low Profit"
CA-2012-9610,24.24000,"Low Profit"
IN-2014-29900,1.44990,"Low Profit"
ES-2014-1920688,170.10000,"High Profit"
MX-2012-111976,-1.99200,Loss
UP-2012-8260,11.94000,"Low Profit"
MX-2013-142678,1.24000,"Low Profit"
IT-2013-1961543,112.14000,"High Profit"
ES-2013-2700361,67.94100,"High Profit"
MX-2012-154088,31.60000,"Low Profit"
CA-2011-169061,45.97540,"Low Profit"
MX-2012-134817,-17.87200,Loss
ID-2012-51677,-4.89780,Loss
CA-2014-100748,27.48560,"Low Profit"
RO-2011-7220,16.59000,"Low Profit"
GV-2014-9540,0.00000,"Low Profit"
IN-2013-38685,413.04000,"High Profit"
SF-2014-5070,67.80000,"High Profit"
AG-2013-5820,5.76000,"Low Profit"
SF-2013-630,3.12000,"Low Profit"
IN-2014-82036,4.44000,"Low Profit"
IN-2014-58236,10.05300,"Low Profit"
MX-2013-160997,3.72000,"Low Profit"
IN-2014-22137,21.06000,"Low Profit"
CA-2012-145485,15.70000,"Low Profit"
IN-2011-45867,-22.77000,Loss
US-2011-160444,-35.17800,Loss
CA-2014-109757,0.61920,"Low Profit"
CA-2013-133725,148.49460,"High Profit"
MX-2014-163195,2.64000,"Low Profit"
TZ-2014-5550,11.19000,"Low Profit"
US-2011-144078,-316.28000,Loss
ES-2014-1398657,23.10000,"Low Profit"
EG-2013-4530,1072.44000,"High Profit"
AO-2011-9910,11.04000,"Low Profit"
IN-2014-74805,0.78000,"Low Profit"
ES-2013-5113556,194.40000,"High Profit"
IT-2013-1109084,-0.06300,Loss
CG-2013-2860,8.73000,"Low Profit"
CA-2011-151001,3.90720,"Low Profit"
IN-2011-30292,523.08000,"High Profit"
ES-2012-5566593,179.95800,"High Profit"
LY-2014-6400,2.94000,"Low Profit"
RW-2012-600,7.08000,"Low Profit"
UP-2014-3650,83.16000,"High Profit"
MX-2013-134180,9.40000,"Low Profit"
TU-2013-3550,-64.00800,Loss
IN-2011-26967,-137.34900,Loss
CA-2013-111913,30.23840,"Low Profit"
CA-2012-166604,8.79060,"Low Profit"
CA-2011-127166,-31.00800,Loss
CA-2013-149783,8.33280,"Low Profit"
ML-2014-720,8.61000,"Low Profit"
IN-2013-76681,0.82080,"Low Profit"
ES-2012-2268105,-83.41200,Loss
IN-2014-72747,840.63000,"High Profit"
CA-2012-132941,11.73340,"Low Profit"
MX-2013-121405,40.46000,"Low Profit"
IN-2012-66342,11.88000,"Low Profit"
ID-2013-77248,-6.69060,Loss
MX-2012-145653,20.36000,"Low Profit"
SA-2014-8450,59.19000,"High Profit"
ES-2013-3508441,31.27200,"Low Profit"
GH-2014-2090,28.62000,"Low Profit"
MX-2013-123015,11.20000,"Low Profit"
ES-2013-2757712,1042.32000,"High Profit"
CA-2013-122728,8.79060,"Low Profit"
ID-2014-51803,-7.80480,Loss
RS-2011-1890,47.85000,"Low Profit"
CA-2012-144386,8.87040,"Low Profit"
MX-2011-147718,18.08000,"Low Profit"
MX-2012-153780,20.10000,"Low Profit"
MX-2013-131387,12.20000,"Low Profit"
US-2012-103814,-40.76400,Loss
ID-2013-52370,-232.50000,Loss
US-2011-119935,-0.79200,Loss
ES-2011-2464932,26.73000,"Low Profit"
CA-2013-100300,50.32800,"High Profit"
ID-2014-39441,-1.93080,Loss
ID-2013-48555,-4.00950,Loss
CA-2012-122287,-6.10400,Loss
CA-2011-110030,-14.38560,Loss
MX-2012-134712,26.88000,"Low Profit"
KZ-2011-4170,-185.11200,Loss
MX-2014-104304,20.04000,"Low Profit"
TU-2013-1610,-3.82800,Loss
IN-2014-77689,30.84000,"Low Profit"
MX-2014-122567,12.60000,"Low Profit"
EN-2014-1040,6.00000,"Low Profit"
ID-2014-11098,15.10800,"Low Profit"
EG-2012-40,14.34000,"Low Profit"
PL-2011-7410,2.97000,"Low Profit"
CA-2014-126865,41.82300,"Low Profit"
MX-2014-153192,4.72000,"Low Profit"
ES-2014-1960568,39.57300,"Low Profit"
ES-2013-2993189,-172.28700,Loss
US-2013-152373,-17.52300,Loss
IN-2014-55086,2.16000,"Low Profit"
CA-2011-146640,108.79960,"High Profit"
IN-2014-41163,27.09000,"Low Profit"
BU-2012-7140,6.18000,"Low Profit"
KE-2014-3820,1.26000,"Low Profit"
ID-2012-45363,-6.94500,Loss
ID-2013-29151,2.10000,"Low Profit"
MX-2011-166331,-3.00800,Loss
MX-2014-142048,2.44000,"Low Profit"
IN-2013-58873,32.40000,"Low Profit"
EG-2012-6420,12.72000,"Low Profit"
IN-2012-72229,32.12100,"Low Profit"
ES-2014-1779830,35.40000,"Low Profit"
IN-2013-53609,-38.54340,Loss
TU-2014-4980,-8.98200,Loss
MX-2014-110961,15.65140,"Low Profit"
ES-2014-1393638,341.73000,"High Profit"
IT-2014-5285883,-0.13500,Loss
ES-2014-1879715,29.28000,"Low Profit"
ID-2013-83226,3.75600,"Low Profit"
CA-2013-149965,0.55200,"Low Profit"
MX-2013-119970,5.24000,"Low Profit"
TU-2013-3080,-68.89800,Loss
EG-2013-1620,4.50000,"Low Profit"
IN-2013-62093,-29.24400,Loss
IT-2011-4752666,-0.03000,Loss
IN-2013-39231,11.08800,"Low Profit"
ID-2014-75533,-29.68200,Loss
BO-2014-2490,8.52000,"Low Profit"
MX-2012-153612,10.96000,"Low Profit"
US-2012-163825,1143.89100,"High Profit"
IN-2013-34583,1.22400,"Low Profit"
CA-2011-130624,26.86500,"Low Profit"
US-2013-165078,24.84000,"Low Profit"
GV-2013-5210,28.32000,"Low Profit"
ID-2013-75372,-52.74180,Loss
TU-2011-6800,-2.35200,Loss
IZ-2012-6910,28.17000,"Low Profit"
CA-2013-160500,7.46940,"Low Profit"
IN-2014-62849,129.42000,"High Profit"
ID-2014-29081,-16.20000,Loss
CA-2013-144092,9.96520,"Low Profit"
CA-2011-154963,-4.85880,Loss
CM-2011-1770,27.36000,"Low Profit"
MX-2014-166086,8.68000,"Low Profit"
US-2012-113649,-18.82800,Loss
TU-2013-3210,-64.69200,Loss
ES-2012-3241112,246.85200,"High Profit"
MO-2011-9460,10.98000,"Low Profit"
IN-2013-49297,21.90000,"Low Profit"
MX-2012-113817,56.10000,"High Profit"
CA-2012-115945,27.73500,"Low Profit"
BO-2012-5160,743.40000,"High Profit"
SF-2014-2410,11.70000,"Low Profit"
MX-2014-122021,1.15200,"Low Profit"
CG-2013-1870,1.26000,"Low Profit"
ES-2014-1666831,17.28000,"Low Profit"
ES-2013-1217902,100.92000,"High Profit"
US-2011-165316,6.56000,"Low Profit"
IN-2014-16852,73.32000,"High Profit"
ES-2013-1680695,-3.49800,Loss
MX-2011-144827,25.32000,"Low Profit"
US-2013-167472,30.78720,"Low Profit"
IN-2011-60560,413.49000,"High Profit"
NI-2013-5540,-7.03200,Loss
KE-2013-5450,15.84000,"Low Profit"
PL-2013-5500,53.16000,"High Profit"
MX-2012-115945,11.76000,"Low Profit"
US-2011-165477,0.28000,"Low Profit"
CA-2012-164427,105.46800,"High Profit"
CA-2012-124891,9.33120,"Low Profit"
IT-2013-1537853,17.77200,"Low Profit"
US-2011-114965,-45.86400,Loss
MO-2012-2390,48.12000,"Low Profit"
MX-2013-141159,166.08000,"High Profit"
ES-2013-1253344,11.10000,"Low Profit"
ES-2012-5100288,10.80000,"Low Profit"
MX-2012-158925,35.84000,"Low Profit"
IT-2014-5137649,-145.44000,Loss
IT-2014-5707545,101.76000,"High Profit"
ES-2013-3167494,208.80000,"High Profit"
NI-2014-3890,-121.94400,Loss
CA-2011-143903,-140.19600,Loss
TZ-2012-220,16.08000,"Low Profit"
MX-2011-103345,44.07900,"Low Profit"
IN-2012-13037,0.00000,"Low Profit"
IN-2013-64368,3.78000,"Low Profit"
MX-2013-153094,0.00000,"Low Profit"
ZA-2012-3540,0.96000,"Low Profit"
US-2011-124310,-35.08800,Loss
NI-2012-1930,-49.63500,Loss
US-2011-112984,-1.74400,Loss
IN-2013-24762,20.14800,"Low Profit"
US-2014-136868,7.66800,"Low Profit"
IN-2013-26659,100.80000,"High Profit"
CA-2014-100013,2.96820,"Low Profit"
ES-2012-1439531,411.00000,"High Profit"
IN-2012-19043,6.72600,"Low Profit"
ID-2013-49248,31.17060,"Low Profit"
RO-2014-7230,24.72000,"Low Profit"
MX-2014-121986,18.12000,"Low Profit"
IN-2014-78802,-104.85180,Loss
MA-2013-870,9.48000,"Low Profit"
MX-2012-119641,2.38000,"Low Profit"
ES-2011-1656997,1.08000,"Low Profit"
IN-2012-44705,-74.40000,Loss
US-2013-168095,23.02800,"Low Profit"
ES-2014-4451711,2.52000,"Low Profit"
ES-2014-1808409,53.46000,"High Profit"
US-2011-144729,-68.17600,Loss
IN-2014-82652,0.45000,"Low Profit"
IN-2012-85480,102.06000,"High Profit"
CA-2012-140025,47.99400,"Low Profit"
ES-2012-3208808,59.35950,"High Profit"
CA-2013-144855,3.02400,"Low Profit"
MX-2012-122273,54.00000,"High Profit"
CG-2014-870,3.96000,"Low Profit"
IN-2013-46896,15.84000,"Low Profit"
IT-2012-2197138,-95.99400,Loss
UZ-2011-8840,18.33000,"Low Profit"
ID-2011-21402,-26.82000,Loss
CA-2013-120180,1.01780,"Low Profit"
US-2011-150406,-358.04800,Loss
ID-2011-17286,-24.62580,Loss
MX-2014-112431,74.56000,"High Profit"
CA-2011-117464,19.16460,"Low Profit"
ES-2014-5119760,93.36000,"High Profit"
CA-2012-160472,11.88000,"Low Profit"
IN-2013-31825,14.94000,"Low Profit"
IN-2012-46560,145.50240,"High Profit"
IN-2014-48982,188.40000,"High Profit"
IT-2014-1555885,-7.77000,Loss
CA-2012-146255,33.25440,"Low Profit"
MX-2013-102092,9.48000,"Low Profit"
CA-2014-107720,12.02760,"Low Profit"
ES-2012-3596491,38.61000,"Low Profit"
MX-2013-123463,33.28000,"Low Profit"
KZ-2014-6760,-139.60800,Loss
CA-2011-117765,15.38880,"Low Profit"
MX-2012-114251,132.64000,"High Profit"
ES-2014-5117456,46.26000,"Low Profit"
ES-2012-5954014,240.84000,"High Profit"
ES-2013-1521931,9.78000,"Low Profit"
TU-2014-950,-23.35200,Loss
CA-2012-8480,124.08000,"High Profit"
TU-2013-1120,-17.93400,Loss
ES-2014-2638373,233.64000,"High Profit"
MX-2014-137204,124.10000,"High Profit"
IN-2013-74329,0.48600,"Low Profit"
IN-2011-42759,11.83500,"Low Profit"
MX-2014-131765,452.76000,"High Profit"
UG-2013-9250,-5.48700,Loss
IN-2014-67238,123.72000,"High Profit"
TU-2012-1970,-4.90800,Loss
MX-2014-112760,1.76000,"Low Profit"
ID-2011-66475,-953.44200,Loss
CA-2014-129021,327.59220,"High Profit"
ES-2014-5091205,37.80000,"Low Profit"
MX-2013-102694,6.82400,"Low Profit"
ES-2013-4827951,-252.95850,Loss
IN-2011-12043,63.00000,"High Profit"
ID-2011-76520,-1.19700,Loss
ES-2012-5515506,18.54000,"Low Profit"
PL-2012-7820,276.84000,"High Profit"
US-2013-106313,9.33120,"Low Profit"
NI-2014-1900,-62.11800,Loss
IN-2014-85417,104.28000,"High Profit"
NI-2013-6450,-6.06000,Loss
CA-2012-164007,-393.60200,Loss
US-2013-141544,-67.87620,Loss
US-2013-117793,17.66730,"Low Profit"
TU-2011-750,-22.12200,Loss
CA-2013-123414,3.34080,"Low Profit"
MX-2014-131765,3.72000,"Low Profit"
IT-2014-4483445,-2.25000,Loss
ID-2014-55338,-392.89200,Loss
MX-2013-157735,24.70000,"Low Profit"
ES-2013-4147391,239.94000,"High Profit"
CA-2012-164441,8.07300,"Low Profit"
IN-2012-83254,32.34000,"Low Profit"
EG-2013-2110,496.32000,"High Profit"
ID-2014-42388,-17.22000,Loss
IN-2011-69443,9.07050,"Low Profit"
ES-2012-2396725,19.35000,"Low Profit"
TU-2014-3270,-11.62200,Loss
ES-2011-4801998,45.36000,"Low Profit"
US-2011-115987,-79.33520,Loss
CA-2013-105585,69.70500,"High Profit"
CA-2014-146920,7.92000,"Low Profit"
NI-2011-9240,-89.75400,Loss
ES-2011-5335590,60.74400,"High Profit"
GG-2011-3530,31.20000,"Low Profit"
CA-2013-147585,6.22440,"Low Profit"
US-2011-122385,12.86400,"Low Profit"
US-2011-115413,52.48950,"High Profit"
ES-2012-2740636,29.79000,"Low Profit"
ES-2011-2972550,12.84000,"Low Profit"
IN-2014-24951,13.80000,"Low Profit"
ES-2014-4554406,121.77000,"High Profit"
IT-2012-2825037,2.94000,"Low Profit"
US-2014-149048,-50.85600,Loss
US-2011-103933,-3.50400,Loss
CA-2011-124737,1.26720,"Low Profit"
ID-2014-77710,-44.45760,Loss
ES-2013-4777583,95.64000,"High Profit"
US-2014-101651,-306.10800,Loss
IN-2013-55135,45.00000,"Low Profit"
ID-2013-19960,-31.87800,Loss
MX-2014-159779,23.04000,"Low Profit"
ID-2014-85851,-0.00600,Loss
TU-2012-60,-31.75200,Loss
CA-2013-155670,3.21000,"Low Profit"
CA-2012-107902,122.29360,"High Profit"
MX-2014-104486,4.40000,"Low Profit"
RS-2011-6190,84.12000,"High Profit"
IN-2011-67028,-7.42500,Loss
ES-2014-3688258,-41.94000,Loss
US-2014-103828,22.62330,"Low Profit"
IN-2011-71060,4.18200,"Low Profit"
CA-2011-163293,30.19680,"Low Profit"
ES-2013-3561047,4.92000,"Low Profit"
ES-2012-5016521,5.04000,"Low Profit"
IT-2014-2448536,-6.48000,Loss
MX-2014-166254,50.40000,"High Profit"
CA-2012-121188,29.15280,"Low Profit"
ES-2014-1113356,19.67400,"Low Profit"
ID-2012-74630,-20.62500,Loss
MX-2013-157665,16.10000,"Low Profit"
ES-2012-5642589,83.52000,"High Profit"
ES-2011-1647523,47.59800,"Low Profit"
US-2013-123078,-11.37600,Loss
MX-2013-132801,1.76000,"Low Profit"
IT-2014-4809306,-80.82000,Loss
CA-2014-100111,18.10440,"Low Profit"
IN-2014-62730,43.65450,"Low Profit"
IN-2014-83310,3.96000,"Low Profit"
MX-2012-144561,57.60000,"High Profit"
RO-2011-2950,15.96000,"Low Profit"
IN-2011-75323,261.81900,"High Profit"
IN-2013-52230,5.70000,"Low Profit"
IN-2012-54491,78.06000,"High Profit"
MX-2011-119746,117.36000,"High Profit"
PL-2011-4090,62.43000,"High Profit"
US-2014-126032,-26.83200,Loss
IN-2014-40400,17.55000,"Low Profit"
MX-2012-148054,-219.85600,Loss
IN-2014-51033,91.87500,"High Profit"
ES-2013-1598291,23.13000,"Low Profit"
MX-2011-158204,1.42000,"Low Profit"
ES-2011-2130034,18.90000,"Low Profit"
IN-2014-81154,20.70000,"Low Profit"
IT-2011-5015979,-193.05600,Loss
ES-2011-2722980,24.06000,"Low Profit"
US-2012-103254,-0.60000,Loss
ES-2012-4430401,23.22000,"Low Profit"
US-2011-158554,-332.28000,Loss
MX-2014-153549,53.12000,"High Profit"
ES-2014-4407511,20.58000,"Low Profit"
TZ-2013-7270,9.90000,"Low Profit"
ES-2011-4272488,340.83000,"High Profit"
MX-2013-141425,17.74400,"Low Profit"
IN-2014-25637,1.59000,"Low Profit"
CA-2014-155698,9.93600,"Low Profit"
ES-2014-2299862,-0.03000,Loss
ES-2011-4709704,97.38000,"High Profit"
US-2013-123085,-321.41600,Loss
IR-2012-1650,3.36000,"Low Profit"
MX-2014-109043,2.04000,"Low Profit"
IT-2014-1036058,99.36000,"High Profit"
US-2013-167101,-1.23200,Loss
MX-2014-147487,1.02000,"Low Profit"
MX-2011-160969,3.16000,"Low Profit"
IT-2014-3261574,-7.35000,Loss
ID-2014-73272,-32.36160,Loss
ID-2013-57333,-7.14000,Loss
ES-2013-5056342,89.70000,"High Profit"
CA-2011-131947,0.45920,"Low Profit"
HR-2014-1830,1.71000,"Low Profit"
SF-2013-1600,6.12000,"Low Profit"
IR-2011-4250,2.37000,"Low Profit"
CA-2012-103835,335.85480,"High Profit"
SG-2013-5580,70.92000,"High Profit"
IN-2014-20338,2.67900,"Low Profit"
MX-2014-130890,-28.40000,Loss
IT-2014-5878187,-36.48000,Loss
CA-2011-137911,31.06880,"Low Profit"
MX-2014-104941,2.60000,"Low Profit"
IN-2013-12036,45.69000,"Low Profit"
MX-2014-145828,17.52000,"Low Profit"
MX-2014-158505,287.16000,"High Profit"
IT-2012-1314917,44.91600,"Low Profit"
US-2014-118794,8.99200,"Low Profit"
MX-2014-158386,14.58000,"Low Profit"
ES-2012-2223892,-155.17500,Loss
CA-2014-112004,-6.30300,Loss
IV-2012-7600,47.52000,"Low Profit"
IT-2013-2925328,-10.26000,Loss
AG-2012-8490,7.68000,"Low Profit"
ID-2012-78207,-269.79120,Loss
CA-2013-168557,3.12480,"Low Profit"
UP-2014-1400,3.12000,"Low Profit"
CA-2012-149972,0.00000,"Low Profit"
IN-2013-52419,0.88440,"Low Profit"
CA-2013-156685,3.57120,"Low Profit"
IN-2013-15466,28.50000,"Low Profit"
CA-2013-130078,4.75200,"Low Profit"
RS-2012-6690,43.92000,"Low Profit"
ID-2011-61876,-11.83500,Loss
IN-2014-71235,24.49800,"Low Profit"
US-2011-114342,-411.32800,Loss
MX-2011-117107,2.90000,"Low Profit"
ES-2012-5195118,106.86000,"High Profit"
IN-2014-59475,0.31020,"Low Profit"
IN-2011-46413,91.95000,"High Profit"
IR-2013-6870,0.39000,"Low Profit"
CA-2014-147277,66.54080,"High Profit"
CA-2014-155558,2.95680,"Low Profit"
IT-2013-4559122,3.78000,"Low Profit"
MX-2012-118248,8.80000,"Low Profit"
IN-2011-44558,28.68000,"Low Profit"
US-2012-126284,-1.33600,Loss
CA-2012-146829,-1.89040,Loss
IN-2014-18917,59.76000,"High Profit"
ES-2012-3770443,8.91000,"Low Profit"
IN-2014-81399,11.25000,"Low Profit"
UP-2012-5910,1.89000,"Low Profit"
CA-2012-150413,-2.83800,Loss
ID-2012-13268,-7.60800,Loss
MA-2013-1850,653.40000,"High Profit"
US-2013-128482,-221.34000,Loss
US-2014-160164,-51.45600,Loss
IT-2012-2834141,-7.74000,Loss
MX-2014-143763,7.90000,"Low Profit"
US-2013-131912,3.81680,"Low Profit"
CA-2013-147368,-27.82800,Loss
ES-2014-2022735,30.00000,"Low Profit"
SA-2012-7870,199.92000,"High Profit"
US-2012-161053,-51.92000,Loss
AO-2014-2110,5.40000,"Low Profit"
US-2012-138093,20.58500,"Low Profit"
IN-2014-53070,105.51360,"High Profit"
US-2012-138464,-44.06480,Loss
ES-2013-3046064,8.28000,"Low Profit"
CA-2014-100951,54.05700,"High Profit"
CA-2014-152807,7.25760,"Low Profit"
CA-2011-125731,7.60480,"Low Profit"
TO-2013-3020,0.84000,"Low Profit"
IZ-2014-2130,2.58000,"Low Profit"
IR-2013-6870,8.76000,"Low Profit"
IR-2014-1670,10.50000,"Low Profit"
US-2013-161697,-6.72000,Loss
MX-2014-160241,242.00000,"High Profit"
CA-2011-143182,4.03830,"Low Profit"
IN-2014-31321,34.84200,"Low Profit"
MX-2011-140697,1.76000,"Low Profit"
ES-2013-3394564,14.94000,"Low Profit"
IN-2014-60175,7.92000,"Low Profit"
US-2013-128965,-40.01600,Loss
TU-2014-6570,-22.12800,Loss
IN-2013-13387,2.25000,"Low Profit"
TU-2011-6180,-142.51200,Loss
ES-2014-2298874,91.62000,"High Profit"
IT-2012-1319120,-120.79200,Loss
IZ-2012-3720,32.76000,"Low Profit"
MO-2014-8700,10.20000,"Low Profit"
IN-2013-60364,181.56000,"High Profit"
CA-2013-142545,6.56880,"Low Profit"
MX-2013-127880,7.98000,"Low Profit"
IN-2013-59888,-5.14800,Loss
US-2011-153017,-8.26000,Loss
ES-2012-5959969,75.04200,"High Profit"
CA-2011-124394,-17.99640,Loss
CA-2012-158659,207.14700,"High Profit"
CA-2013-154018,-11.00050,Loss
IT-2011-2600640,2.68800,"Low Profit"
CA-2012-114300,23.44160,"Low Profit"
US-2011-112991,12.44160,"Low Profit"
CA-2013-125815,5.21640,"Low Profit"
CA-2011-113383,76.47000,"High Profit"
IT-2013-4191455,-743.27400,Loss
CA-2013-138478,29.43720,"Low Profit"
MO-2011-3300,75.24000,"High Profit"
ES-2012-2287053,-776.32500,Loss
MX-2013-154144,2.08000,"Low Profit"
CA-2014-130211,23.31630,"Low Profit"
US-2013-143644,-0.69600,Loss
US-2012-168732,12.44160,"Low Profit"
MA-2014-6360,59.40000,"High Profit"
ID-2013-62352,14.49000,"Low Profit"
IN-2011-25588,66.15000,"High Profit"
CA-2011-145387,481.47000,"High Profit"
IN-2014-69527,9.54000,"Low Profit"
ES-2013-4851162,7.89000,"Low Profit"
IN-2014-42801,27.48000,"Low Profit"
IT-2014-5637241,0.72000,"Low Profit"
ES-2014-1848240,24.33000,"Low Profit"
AG-2012-4910,9.72000,"Low Profit"
ES-2013-4020783,25.11000,"Low Profit"
CA-2012-200,7.14000,"Low Profit"
MX-2012-140018,3.60000,"Low Profit"
ID-2014-19813,-16.10400,Loss
RO-2014-6420,215.52000,"High Profit"
CA-2012-490,0.36000,"Low Profit"
US-2014-136679,-27.29220,Loss
CA-2011-119151,55.89600,"High Profit"
US-2014-109967,-22.42800,Loss
IT-2014-1003060,-24.57000,Loss
ID-2013-85347,-5.99400,Loss
ES-2013-4858481,0.00000,"Low Profit"
ID-2014-56339,-39.31200,Loss
IR-2014-1860,9.33000,"Low Profit"
CA-2014-149160,11.07600,"Low Profit"
MX-2012-127446,13.68000,"Low Profit"
EG-2011-7790,4.53000,"Low Profit"
IT-2012-2157465,73.69200,"High Profit"
RS-2014-9190,25.74000,"Low Profit"
PL-2014-6080,58.29000,"High Profit"
IN-2011-22368,2.58000,"Low Profit"
EG-2014-9390,41.28000,"Low Profit"
ID-2014-35038,-210.99720,Loss
CA-2013-4830,11.40000,"Low Profit"
CA-2013-131065,2.37600,"Low Profit"
IN-2014-17384,2.94000,"Low Profit"
IN-2012-10041,32.79600,"Low Profit"
MX-2012-154179,97.38000,"High Profit"
CA-2011-127558,3.23520,"Low Profit"
MX-2013-101658,3.48000,"Low Profit"
IT-2014-4709866,-4.50000,Loss
ID-2014-86873,-705.09600,Loss
CA-2014-161459,3.49650,"Low Profit"
US-2013-152800,-1.28400,Loss
MX-2014-133298,2.88000,"Low Profit"
TU-2014-6200,-97.72200,Loss
IN-2012-71088,11.13000,"Low Profit"
IN-2012-37586,0.21750,"Low Profit"
ES-2014-2426460,-5.02200,Loss
MX-2012-154179,6.12000,"Low Profit"
IN-2012-48338,874.16700,"High Profit"
IN-2014-35157,4.86000,"Low Profit"
ES-2013-2911640,34.32000,"Low Profit"
ES-2013-2364306,9.48000,"Low Profit"
ES-2011-2379967,38.04000,"Low Profit"
CA-2012-1970,15.48000,"Low Profit"
CA-2014-106103,54.33320,"High Profit"
ID-2011-30922,-8.55300,Loss
CA-2014-107125,41.12080,"Low Profit"
IN-2014-34639,160.05000,"High Profit"
IN-2013-40687,185.70000,"High Profit"
MX-2014-108889,23.90000,"Low Profit"
IN-2013-49367,7.56000,"Low Profit"
CA-2011-119172,-172.55700,Loss
RS-2013-3080,24.75000,"Low Profit"
ES-2013-1534120,45.15000,"Low Profit"
ES-2014-2505511,-212.17500,Loss
CA-2011-101833,17.22000,"Low Profit"
ES-2014-3785216,63.54600,"High Profit"
MX-2012-153157,55.94400,"High Profit"
ES-2013-4034655,46.62000,"Low Profit"
IN-2011-62037,181.65120,"High Profit"
MX-2014-113586,49.32000,"Low Profit"
US-2014-128118,24.31800,"Low Profit"
MX-2012-143343,28.20000,"Low Profit"
MO-2014-6060,112.68000,"High Profit"
CA-2013-119963,15.87560,"Low Profit"
IN-2012-69870,164.40000,"High Profit"
IN-2012-46259,52.80000,"High Profit"
CA-2013-110772,-48.70320,Loss
BU-2012-1110,12.09000,"Low Profit"
ES-2014-4472745,1040.55000,"High Profit"
CA-2013-106915,4.24080,"Low Profit"
IR-2012-5410,21.60000,"Low Profit"
IT-2014-5285883,-6.39000,Loss
US-2013-164119,-47.56800,Loss
CA-2012-135853,10.35000,"Low Profit"
IT-2014-5393609,-89.85000,Loss
IN-2014-47337,115.20000,"High Profit"
ID-2013-17097,-5.22600,Loss
MX-2012-118185,129.84000,"High Profit"
MX-2012-134110,10.56000,"Low Profit"
CA-2011-139451,4.17200,"Low Profit"
CA-2013-136686,15.82560,"Low Profit"
ID-2014-71403,-10.27440,Loss
IN-2014-79173,30.75600,"Low Profit"
ID-2012-41380,-16.24320,Loss
MX-2012-128755,3.96000,"Low Profit"
US-2013-130379,-4.42800,Loss
MX-2013-107650,16.80000,"Low Profit"
ES-2013-1394541,19.78650,"Low Profit"
ES-2013-2212734,25.80000,"Low Profit"
CA-2011-166730,-8.80380,Loss
CA-2014-156664,1.74870,"Low Profit"
EG-2013-4270,12.36000,"Low Profit"
IN-2013-11518,26.10000,"Low Profit"
CG-2012-8310,68.04000,"High Profit"
CA-2011-141607,4.33100,"Low Profit"
ES-2014-2688044,1.08000,"Low Profit"
MX-2011-139731,-0.03000,Loss
CA-2012-126347,10.50000,"Low Profit"
IN-2014-75603,92.88000,"High Profit"
TU-2014-220,-3.84000,Loss
CG-2013-8200,4.83000,"Low Profit"
IN-2013-56416,3.96000,"Low Profit"
EG-2011-3420,30.36000,"Low Profit"
IN-2011-48009,207.66000,"High Profit"
CA-2011-168368,2.59840,"Low Profit"
NI-2014-3370,-10.17300,Loss
US-2013-119928,-13.37600,Loss
CA-2012-128083,2.93220,"Low Profit"
TU-2014-4510,-6.85800,Loss
ES-2014-5605089,4.59000,"Low Profit"
IT-2013-1215824,35.70000,"Low Profit"
MX-2014-152891,-26.88000,Loss
IN-2014-75603,4.32000,"Low Profit"
CA-2014-119578,50.82540,"High Profit"
CA-2012-139962,18.94000,"Low Profit"
IN-2014-69457,2.61000,"Low Profit"
CG-2012-8310,79.20000,"High Profit"
ES-2014-2388184,32.10000,"Low Profit"
ES-2013-1225665,14.76000,"Low Profit"
IV-2013-4490,6.15000,"Low Profit"
IN-2014-82176,63.14400,"High Profit"
US-2014-128587,4.92800,"Low Profit"
US-2011-108651,-8.22400,Loss
KZ-2012-4400,-67.83000,Loss
TU-2011-6820,-222.81600,Loss
MX-2012-115504,21.42000,"Low Profit"
ES-2011-1831867,40.68000,"Low Profit"
ES-2011-2417338,44.42400,"Low Profit"
MX-2011-143168,70.72496,"High Profit"
ES-2013-2212734,5.94000,"Low Profit"
IN-2012-60385,73.14000,"High Profit"
MX-2013-145303,220.56000,"High Profit"
ES-2011-3091823,616.81500,"High Profit"
ES-2011-2470488,19.95000,"Low Profit"
MX-2013-149937,43.68000,"Low Profit"
CA-2013-101168,6.54720,"Low Profit"
SF-2014-9190,10.86000,"Low Profit"
IN-2014-48814,139.77600,"High Profit"
IN-2014-78116,13.32000,"Low Profit"
ID-2011-26596,-1.50000,Loss
CA-2014-154116,10.73010,"Low Profit"
ES-2011-1460199,6.18000,"Low Profit"
SG-2014-3780,45.81000,"Low Profit"
ES-2011-4715440,10.02000,"Low Profit"
CA-2014-103443,41.68000,"Low Profit"
IN-2014-23929,23.28000,"Low Profit"
IN-2014-81532,18.84000,"Low Profit"
IT-2013-5913315,-0.00300,Loss
US-2014-147368,16.50000,"Low Profit"
US-2012-134558,14.65100,"Low Profit"
AJ-2014-6800,15.84000,"Low Profit"
MX-2012-131128,6.48000,"Low Profit"
IN-2012-29137,-0.65400,Loss
IN-2011-24832,30.96000,"Low Profit"
MX-2013-108553,36.96000,"Low Profit"
IN-2013-76835,1.86000,"Low Profit"
MD-2013-5670,53.49000,"High Profit"
IT-2012-4790620,-535.22700,Loss
CA-2013-127775,71.99100,"High Profit"
